<?xml version="1.0" encoding="UTF-8"?>
<!DOCTYPE codetemplates PUBLIC "-//NetBeans//DTD Editor Code Templates settings 1.0//EN" "http://www.netbeans.org/dtds/EditorCodeTemplates-1_0.dtd">
<codetemplates>
    <codetemplate abbreviation="tphp" xml:space="preserve">
        <code><![CDATA[<php ?>]]></code>
        <description><![CDATA[cria as tag de abertura e fechamento php]]></description>
    </codetemplate>
    <codetemplate abbreviation="echobr" contexts="php-code" xml:space="preserve">
        <code><![CDATA[echo "<br>";]]></code>
        <description><![CDATA[Inserção de linha em branco html]]></description>
    </codetemplate>
</codetemplates>
